Time,head_x,head_y,head_z,neck_x,neck_y,neck_z,left_shoulder_x,left_shoulder_y,left_shoulder_z,right_shoulder_x,right_shoulder_y,right_shoulder_z,left_upper_arm_x,left_upper_arm_y,left_upper_arm_z,right_upper_arm_x,right_upper_arm_y,right_upper_arm_z,left_forearm_x,left_forearm_y,left_forearm_z,right_forearm_x,right_forearm_y,right_forearm_z,left_hand_x,left_hand_y,left_hand_z,right_hand_x,right_hand_y,right_hand_z,t8_x,t8_y,t8_z,t12_x,t12_y,t12_z,l3_x,l3_y,l3_z,l5_x,l5_y,l5_z,pelvis_x,pelvis_y,pelvis_z,left_upper_leg_x,left_upper_leg_y,left_upper_leg_z,right_upper_leg_x,right_upper_leg_y,right_upper_leg_z,left_lower_leg_x,left_lower_leg_y,left_lower_leg_z,right_lower_leg_x,right_lower_leg_y,right_lower_leg_z,left_foot_x,left_foot_y,left_foot_z,right_foot_x,right_foot_y,right_foot_z,left_toe_x,left_toe_y,left_toe_z,right_toe_x,right_toe_y,right_toe_z
0.000000000,269.000000000,1217.000000000,0.000000000,274.000000000,1083.000000000,0.000000000,261.000000000,1034.000000000,0.000000000,290.000000000,1033.000000000,0.000000000,188.000000000,1021.000000000,0.000000000,363.000000000,1014.000000000,0.000000000,155.000000000,769.000000000,0.000000000,429.000000000,768.000000000,0.000000000,98.000000000,649.000000000,0.000000000,479.000000000,642.000000000,0.000000000,277.000000000,975.000000000,0.000000000,279.000000000,904.000000000,0.000000000,282.000000000,838.000000000,0.000000000,284.000000000,772.000000000,0.000000000,292.000000000,691.000000000,0.000000000,237.000000000,692.000000000,0.000000000,337.000000000,689.000000000,0.000000000,231.000000000,445.000000000,0.000000000,331.000000000,442.000000000,0.000000000,266.000000000,350.000000000,0.000000000,324.000000000,269.000000000,0.000000000,256.000000000,302.000000000,0.000000000,338.000000000,232.000000000,0.000000000
