Time,head_x,head_y,head_z,neck_x,neck_y,neck_z,left_shoulder_x,left_shoulder_y,left_shoulder_z,right_shoulder_x,right_shoulder_y,right_shoulder_z,left_upper_arm_x,left_upper_arm_y,left_upper_arm_z,right_upper_arm_x,right_upper_arm_y,right_upper_arm_z,left_forearm_x,left_forearm_y,left_forearm_z,right_forearm_x,right_forearm_y,right_forearm_z,left_hand_x,left_hand_y,left_hand_z,right_hand_x,right_hand_y,right_hand_z,t8_x,t8_y,t8_z,t12_x,t12_y,t12_z,l3_x,l3_y,l3_z,l5_x,l5_y,l5_z,pelvis_x,pelvis_y,pelvis_z,left_upper_leg_x,left_upper_leg_y,left_upper_leg_z,right_upper_leg_x,right_upper_leg_y,right_upper_leg_z,left_lower_leg_x,left_lower_leg_y,left_lower_leg_z,right_lower_leg_x,right_lower_leg_y,right_lower_leg_z,left_foot_x,left_foot_y,left_foot_z,right_foot_x,right_foot_y,right_foot_z,left_toe_x,left_toe_y,left_toe_z,right_toe_x,right_toe_y,right_toe_z
0.000000000,306.000000000,2.000000000,0.000000000,307.000000000,63.000000000,0.000000000,319.000000000,89.000000000,0.000000000,295.000000000,89.000000000,0.000000000,380.000000000,97.000000000,0.000000000,234.000000000,98.000000000,0.000000000,440.000000000,251.000000000,0.000000000,180.000000000,247.000000000,0.000000000,516.000000000,361.000000000,0.000000000,123.000000000,368.000000000,0.000000000,307.000000000,121.000000000,0.000000000,307.000000000,163.000000000,0.000000000,307.000000000,204.000000000,0.000000000,308.000000000,246.000000000,0.000000000,313.000000000,303.000000000,0.000000000,357.000000000,302.000000000,0.000000000,261.000000000,303.000000000,0.000000000,382.000000000,540.000000000,0.000000000,286.000000000,491.000000000,0.000000000,377.000000000,736.000000000,0.000000000,306.000000000,645.000000000,0.000000000,397.000000000,823.000000000,0.000000000,291.000000000,706.000000000,0.000000000
